username,count,is_app,is_=portmarnock
Fifi1984,1,Y,
Hazy1983,1,Y,
Khahliso,1,Y,
Ithatz,1,Y,
LeboM,1,Y,
Lineo,1,Y,
Mpaleng Oliphant,1,Y,
Miss O,1,Y,
TopsQn,1,Y,
Tsholo,1,Y,
fifiQn,1,Y,
manobby,1,Y,
nuts2001,1,Y,
tumie,1,Y,
wilshere,1,Y,
Mampho Shale,1,Y,
ntebo,1,Y,
teboho1702,1,Y,
tshedy,1,Y,
mathelvo,1,Y,
Liraneko,1,Y,
Mabatho,1,Y,
Mpai,1,Y,Y
"Ts'epo",1,Y,Y
hipzo13,1,Y,Y
mahali,1,Y,Y
Lopez,1,Y,Y
Tlalane,1,Y,
liteboho,1,Y,
Lekoro,1,Y,
Papali Leboela,1,Y,
mateboho,1,Y,
mavusana,1,Y,Y
Bopane,1,Y,
Kheekhe,1,Y,
Malerole,1,Y,
seisa,1,Y,
stilatila1,1,Y,Y
tdamane,1,Y,Y
Bacash,1,N,Y
AE35,1,N,
ATaaffe_10,1,N,
AtomLaw,1,N,
Majakathata,1,N,
Seitebatso,1,Y,
Adrian Frith,1,N,Y
AgnesLesage,1,N,Y
AndrewJudd11,1,N,
AnyFile,1,N,Y
Aurimas Fišeras,1,N,
Boggedy,1,N,Y
Bonix-Mapper,1,N,Y
Cian Gargan,1,N,
CiaranPalmer,1,N,Y
Cranners111,1,N,Y
DeBigC,1,N,Y
Leah,1,N,Y
LollyMay,1,N,
MSFMapathonVolunteer,1,N,
MapMakinMeyers,1,N,
MartinaTY,1,N,
MattOD11,1,N,Y
Murph_Mon,1,N,
Nicole Curran,1,N,Y
NoelB,1,N,
Nomnomnom,1,N,
OisinD,1,N,
Patricka,1,N,
Sonny Andrews,1,N,Y
ailishb,1,N,
amyrogan,1,N,
cramsay10,1,N,Y
dallob,1,N,
danbjoseph,1,N,
eireidium,1,N,
mdk,1,N,
morganK,1,N,
msdess,1,N,
notinblue43,1,N,
pedrito1414,1,N,
prfnv,1,N,
rjhale1971,1,N,
rorym,1,N,
stephen1999,1,N,
the_knife,1,N,
triazone,1,N,
triciadoherty,1,N,
Lehlohonolo,1,N,
ntaote,1,N,
DaCor,1,N,
Enock4seth,1,N,
JoeCorr,1,N,
Rps333,1,N,
RustyB,1,N,
Shawn Day,1,N,
The Big C,1,N,
4rch,1,M,
D_HUNNY,1,M,
Gozgo,1,M,
Latze,1,M,
Manfredolbrich,1,M,
Moseme,1,M,
Ntate MOKOENA,1,M,
Sundance,1,M,
eltonp,1,M,
fx99,1,M,
katpatuka,1,M,
lobstaaa,1,M,
nkazo,1,M,
tsebo,1,M,
wabrego,1,M,
Katiso Rachabane,1,M,
nickyqn,1,Y,Y
Alecs01,1,,
Alex135,1,,
Alex24223,1,,
BeowulfIRL,1,,
BonfireRaccoon,1,,
Bryce C Nesbitt,1,,
Callum_Robinson,1,,
Chabior,1,,Y
Chris Viljoen (EWCop),1,,
ChristineFriel,1,,
Cliff Jones zs6bju,1,,
Courtney6,1,,
Creando,1,,
DAHNiall,1,,Y
David_Ward,1,,Y
DianaK00l,1,,
Diarmuid Gallagher,1,,
Dymryk,1,,
EO'Driscoll,1,,
Edgar zola,1,,
Ellen Goode,1,,
EoinOrr,1,,
Ernst Poulsen,1,,
Eóin Holton,1,,
FVerjans,1,,
Firefishy,1,,
FvGordon,1,,
HannahLorne,1,,
HarryMcLauchlan,1,,
JFK73,1,,
JMK247W,1,,
Jan van Bekkum,1,,
Janie Smith,1,,
Joe Resort,1,,
JordanKepler,1,,
KDDA,1,,
KZawadzki,1,,
Kafkaese,1,,
Kieran Connor1,1,,
Lara (EWC),1,,
LarsBG,1,,
Little Brother,1,,
Luke Purtell,1,,
Léo_M,1,,
MannyChoudhry,1,,
Math1985,1,,
Miguel Carrilho,1,,
Niquee15,1,,
Patrick Ferry,1,,
Paul Mallet,1,,
Qoqolosi,1,,
R0bst3r,1,,
RAytoun,1,,
Ralph Brennan,1,,
Rbanick,1,,
Rdowd,1,,
ReinisLo,1,,
Rezane van Vuuren (EWCop),1,,
RicoElectrico,1,,
Rodney123,1,,
Rovastar,1,,
SJWoolford,1,,
SK53,1,,
Sammybreeden,1,,
SammysHP,1,,
SeanM99,1,,
Stefanoodle,1,,
Steven_Boyd,1,,Y
Stratos P,1,,
T_9er,1,,
The Big D 123,1,,
TrevorCB,1,,
Tyrrell18,1,,
Vincent de Phily,1,,
WillGuill$$,1,,
alex7113,1,,
antwob,1,,
aoifemcg,1,,
aschetelig,1,,
ayoyeni,1,,
bdiscoe,1,,
bigmanrb,1,,
bjoernchr74,1,,
bonnabrand,1,,
caradevlin,1,,
carciofo,1,,
ciaraodonnell,1,,
clement kclt,1,,
conor casey,1,,
crabbers99,1,,
ddk100,1,,
demimcveigh,1,,
digiMac,1,,
dmayes,1,,
eljohn,1,,
emmadouglas,1,,
eul,1,,
gisteacher,1,,
gracekennyburke,1,,
haileydmcclure,1,,
hecktor,1,,
james_mclaughlin,1,,
janoelh,1,,
jbontes,1,,
joshua_carr,1,,
kanny,1,,
katie swords,1,,
kenziemccurdy,1,,
laurencoyle,1,,
mackerski,1,,
malo98,1,,
marie erwin,1,,
mariemallon,1,,
nadiaa0618,1,,
nishadanielle,1,,
noel1,1,,
nyampire,1,,
palimpadum,1,,
petermcloughlin,1,,
philipleonard1234,1,,
przemas75,1,,
reg111,1,,
rippunzel,1,,
roaven,1,,
rpg911,1,,
sbarx,1,,
skorasaurus,1,,
terri ferry,1,,
thomasF,1,,
tmonale,1,,
trolleway,1,,
unbeZAhlbar,1,,
wandsecacher,1,,
ak411,1,Y,Y
khaliso,1,Y,N
tello55,1,Y,N
stivo24,1,Y,N
montshyqn,1,Y,N
Kupie,1,Y,N
Idobeads,1,Y,
Boitshego,1,Y,
nkareng,1,Y,
makhauta,1,Y,
Mabela Belz,1,Y,
kekemabona,1,Y,
Dusty2,1,Y,
mojabeng,1,Y,
Makhoai,1,Y,
lebusaT,1,Y
khothatsoL,1,Y,
sheaz,1,Y,
Nkhetse,1,Y,
nyapi,1,Y,
matsele,1,Y,
dlopez1016,1,Y,
nkarengmothibe,1,Y,